,Supplier_Lead_Time,Inventory_Levels,Order_Frequency,Delivery_Performance,Cost_Per_Unit
Supplier_Lead_Time,1.0,0.12566811824167926,-0.8790925376289409,-0.8919440327354993,0.9539548389210405
Inventory_Levels,0.12566811824167926,1.0,-0.21261756200568727,-0.054591001393963876,0.15096282397712082
Order_Frequency,-0.8790925376289409,-0.21261756200568727,1.0,0.8157200893762654,-0.8487045620926751
Delivery_Performance,-0.8919440327354993,-0.054591001393963876,0.8157200893762654,1.0,-0.9027973421742613
Cost_Per_Unit,0.9539548389210405,0.15096282397712082,-0.8487045620926751,-0.9027973421742613,1.0
